<?xml version="1.0" encoding="UTF-8"?>
<project-private xmlns="http://www.netbeans.org/ns/project-private/1">
    <editor-bookmarks xmlns="http://www.netbeans.org/ns/editor-bookmarks/2" lastBookmarkId="0"/>
    <open-files xmlns="http://www.netbeans.org/ns/projectui-open-files/2">
        <group>
            <file>file:/C:/Users/nicou/OneDrive/Documents/2021/2do_semestre/P_micros_1/lab_08/programas/lab_08.X/post_DAC.c</file>
            <file>file:/C:/Users/nicou/OneDrive/Documents/2021/2do_semestre/P_micros_1/lab_08/programas/lab_08.X/datcha_2pot.c</file>
        </group>
    </open-files>
</project-private>
